{
  "hidden": 256,
  "n_layers": 1,
  "dropout": 0.11501043514750953,
  "lr": 0.0003156826122536684,
  "batch_size": 64,
  "do_rmse": 0.3006,
  "kge": 0.927,
  "run": 2
}